0x401180	TestHeal	TADR-delphi-func
0x401BAE	RemoveSharedResourcesFromTotalAddr	TADR-cpp-var
0x401C20	Order_Stop	TADR-cpp-cast
0x4031D0	Order_Move_Ground	TADR-cpp-cast
0x403A20	ADDR_Order_MobileBuild_Entry	TADR-cpp-var
0x403CD0	KickoutOnWaitingForTargetAreaToClearAddr	TADR-cpp-var
0x403D05	TargetAreaWasBlockedTimeoutAddr	TADR-cpp-var
0x403D5B	ADDR_MobileBuild_PreCreate	TADR-cpp-var
0x403D64	ADDR_MobileBuild_PostCreate	TADR-cpp-var
0x4043D8	captureCostAddr	TADR-cpp-var
0x404DB0	ADDR_Order_Resurrect_Entry	TADR-cpp-var
0x40514F	ADDR_Resurrect_PostCreateFeatureCheck	TADR-cpp-var
0x4059E4	PatrolDisableBuildRepairAddr	TADR-cpp-var
0x405B18	PatrolDisableReclaimAddr	TADR-cpp-var
0x4066AC	FixedPositionGuardingConsAddr	TADR-cpp-var
0x408090	PositionInPlayerMapped	TADR-delphi-func
0x40EAD6	AISearchMapEntriesLimit	TADR-cpp-var
0x413D80	ADDR_Order_VTOL_MobileBuild_Entry	TADR-cpp-var
0x41400D	KickoutOnWaitingForTargetAreaToClearAddr_VTOL	TADR-cpp-var
0x414046	TargetAreaWasBlockedTimeoutAddr_VTOL	TADR-cpp-var
0x41409B	ADDR_VtolBuild_PreCreate	TADR-cpp-var
0x4140A4	ADDR_VtolBuild_PostCreate	TADR-cpp-var
0x41547D	VTOLPatrolDisableBuildRepairAddr	TADR-cpp-var
0x415621	VTOLPatrolDisableReclaimAddr	TADR-cpp-var
0x415B60	PacketBuilder_Initialise	TADR-cpp-cast
0x415BB0	PacketBuilder_Resize	TADR-cpp-cast
0x415C10	PacketBuilder_AppendBits	TADR-cpp-cast
0x415DA0	PacketBuilder_AssignByteAtOfs	TADR-cpp-cast
0x415DC0	SerialBitArrayRead	TADR-cpp-cast
0x416B50	ViewCommandProc	TADR-cpp-cast
0x416D50	TextCommand_LOS	TADR-delphi-func
0x417B50	CallInternalCommandHandler	TADR-cpp-cast
0x417B50	InterpretCommand	TADR-delphi-func
0x4195DD	initAutoTeamCommandHookAddr	TADR-cpp-var
0x419670	ADDR_IssueMobileBuild_Entry	TADR-cpp-var
0x4197D0	ADDR_TestBuildSpot_Entry	TADR-cpp-var
0x4197D0	TestBuildSpot	TADR-cpp-cast
0x4197D0	TestBuildSpot	TADR-delphi-func
0x4198C3	ActivateEnableBuildUnderOwnUnitsAddr	TADR-cpp-var
0x419B00	UnitSubBuildClick	TADR-delphi-func
0x41BD10	UNITS_HealUnit	TADR-delphi-func
0x41C3C0	ScrollMinimap	TADR-cpp-cast
0x41C4C0	ScrollView	TADR-delphi-func
0x41D4C0	DXCapsCheck2	totala-re-docs
0x41D4C0	InitTAHPIAry	TADR-cpp-cast
0x41D4CD	CrackCdAddr	TADR-cpp-var
0x41D6B0	CrackCd3Addr	TADR-cpp-var
0x41D920	EarlyInitHelper	totala-re-docs
0x420A30	ShowExplodeGaf	TADR-delphi-func
0x421804	continueRelative	TADR-cpp-var
0x421DA0	GetFeatureTypeFromOrder	TADR-delphi-func
0x421E60	GetGridPosFeature	TADR-cpp-cast
0x421E60	GetGridPosFeature	TADR-delphi-func
0x4223E0	ReleaseFeature_TdfVector	TADR-delphi-func
0x4224B0	LoadFeature	TADR-delphi-func
0x422DD0	FeatureName2ID	TADR-delphi-func
0x422E40	FeatureNameNotListed2ID	TADR-delphi-func
0x4233A0	FEATURES_StartBurn	TADR-delphi-func
0x423550	FEATURES_Destroy_3D	TADR-delphi-func
0x423C50	SpawnFeatureOnMap	TADR-delphi-func
0x4244B0	FEATURES_TakeWeaponDamage	TADR-delphi-func
0x4246B0	FEATURES_Destroy	TADR-delphi-func
0x4263B0	GUI_MainMenuShell	totala-re-docs
0x4266A7	DXWarning_branch_byte	ours
0x428730	MissionAssetCascade	totala-re-docs
0x428BB0	GameplayControllersInit	totala-re-docs
0x4290F0	GetLocalizedFilePath	TADR-delphi-func
0x4290F0	LocalizedFilePath	TADR-cpp-cast
0x429660	LoadHPITerainFile	TADR-delphi-func
0x429660	LoadTNTFile	TADR-delphi-func
0x429700	GAF_OpenAnimsFile	TADR-delphi-func
0x42A010	PtrArrayRebuild3	totala-re-docs
0x42A140	TextureMatch3DO	TADR-cpp-cast
0x42A140	TextureMatch3DO	TADR-delphi-func
0x42A3B0	PtrArrayRebuild1	totala-re-docs
0x42AC7E	loadUnitDefHookAddr	TADR-cpp-var
0x42BCC0	ScriptListsRefresh	totala-re-docs
0x42BF97	loadUnitDefHookAddr	TADR-cpp-var
0x42C3E6	PermSonarLosAddr	TADR-cpp-var
0x42CF5E	JunkYardmapFixAddr	TADR-cpp-var
0x42DAC7	CanBuildArrayBufferOverrunFixAddr	TADR-cpp-var
0x42EC9F	IDlimit2Addr	TADR-cpp-var
0x42F8C0	CDAssetArrayClear	totala-re-docs
0x42F960	StringRegistryHelper	totala-re-docs
0x42F980	RegistryLoadLanguage	totala-re-docs
0x42FA2E	DisplayModeMinWidth1024RegAddr	TADR-cpp-var
0x42FA42	DisplayModeMinWidth1024DefAddr	TADR-cpp-var
0x42FA83	DisplayModeMinHeight768RegAddr	TADR-cpp-var
0x42FA97	DisplayModeMinHeight768DefAddr	TADR-cpp-var
0x430F00	LoadTARegConfig	TADR-cpp-cast
0x430F00	REGISTRY_SaveSettings	TADR-delphi-func
0x431920	FreeCDListsStringTable	totala-re-docs
0x431A20	FreeTrackRecords	totala-re-docs
0x434B90	AnimAudioGlueRefresh	totala-re-docs
0x434BF0	IterateMaps	TADR-delphi-func
0x435100	GetGameingType	TADR-delphi-func
0x435A20	LoadMap	TADR-delphi-func
0x4373A0	CalculateOTACRC	TADR-delphi-func
0x437840	UNITS_SetMetalExtractionRatio	TADR-delphi-func
0x438760	ScriptAction_Name2Index	TADR-delphi-func
0x438830	ScriptAction_Index2Handler	TADR-cpp-cast
0x438830	ScriptAction_Index2Handler	TADR-delphi-func
0x4388D0	ORDERS_BackupMainOrder	TADR-delphi-func
0x438930	ORDERS_MovementRelated	TADR-delphi-func
0x438C00	ADDR_DrawBuildSpotQueue	TADR-cpp-var
0x438EA0	DrawRangeCircle	TADR-delphi-func
0x438EA0	TADrawCircle	TADR-cpp-cast
0x438EDE	CircleRadiusAddr	TADR-cpp-var
0x439D20	GetUnit_BuildWeaponProgress	TADR-delphi-func
0x439DD0	GetUnitFirstOrderTargat	TADR-delphi-func
0x439E80	ORDERS_DelayCallback	TADR-delphi-func
0x439EB0	ORDERS_RemoveAllBuildQueues	TADR-delphi-func
0x43A020	ORDERS_RecoverMainOrder	TADR-delphi-func
0x43A0C0	ORDERS_CreateObject	TADR-delphi-func
0x43A0C0	UnitOrdersStructConstructor	TADR-cpp-cast
0x43A1F0	ORDERS_CancelOrder	TADR-delphi-func
0x43AC60	ORDERS_QueueOrder	TADR-delphi-func
0x43ACB0	ORDERS_PushOrder	TADR-cpp-cast
0x43ACB0	ORDERS_PushOrder	TADR-delphi-func
0x43ADC0	SubOrder2Unit	TADR-delphi-func
0x43ADCB	ADDR_NewSubOrder_PostAlloc	TADR-cpp-var
0x43AFC0	ORDERS_NewMainOrder2Unit	TADR-cpp-cast
0x43AFC0	Order2Unit	TADR-delphi-func
0x43B006	ReduceCancelOrderToleranceAddr	TADR-cpp-var
0x43B0B0	ORDERS_NewSubBuildOrder	TADR-delphi-func
0x43B400	ORDERS_ChaseUnitToBeRepaired	TADR-delphi-func
0x43B865	OrderDispatchGuardMainAddr	TADR-cpp-var
0x43BA9C	OrderDispatchGuardMainBailout	TADR-cpp-var
0x43BB0F	OrderDispatchGuardBgAddr	TADR-cpp-var
0x43BC57	OrderDispatchGuardBgBailout	TADR-cpp-var
0x43C350	MapObjectRegistriesRebuild	totala-re-docs
0x43DD10	FreeMoveClass	TADR-delphi-func
0x43DEF0	GetUnitPiecePosition	TADR-delphi-func
0x43E060	GetPiecePosition	TADR-delphi-func
0x43E240	UNITS_QueryWeaponPosition	TADR-delphi-func
0x43E2E0	UNITS_CallAimScripts	TADR-delphi-func
0x43F0E0	ScriptAction_Type2Index	TADR-cpp-cast
0x43F0E0	ScriptAction_Type2Index	TADR-delphi-func
0x444A20	UpdateViewMap	TADR-delphi-func
0x446080	RejectPlayer	TADR-cpp-cast
0x446A50	UpdateTeamSelectionButtonIcons	TADR-cpp-cast
0x446C70	UpdateAlliancesFromTeamSelections	TADR-cpp-cast
0x446E90	OnTeamChange_BeforeChange_SendMessage_Conditonal_Team23	TADR-cpp-cast
0x447B10	battleroom_OnCommand	TADR-cpp-cast
0x448421	battleroomCommandHookAddr	TADR-cpp-var
0x448479	battleroomCommandHookAddr	TADR-cpp-var
0x44872A	BattleroomStartButtonHookAddr	TADR-cpp-var
0x44CAFE	MPUnitLimitAddr	TADR-cpp-var
0x44FA68	NetworkRawReceiveLogAddr	TADR-cpp-var
0x44FDB0	GetLocalPlayerDPID	TADR-delphi-func
0x44FDB1	GetLocalPlayerDpidHackAddr	TADR-cpp-var
0x44FE40	DirectID2PlayerAry	TADR-delphi-func
0x44FFD0	PLAYERS_Index2DPlayID	TADR-delphi-func
0x450030	GetSharedPlayerDPID	TADR-delphi-func
0x450380	MultiplayerPlayerLostAddr	TADR-cpp-var
0x450F90	REPORTER_PlayerInfo	TADR-delphi-func
0x450F90	Send_PacketPlayerInfo	TADR-delphi-func
0x45100A	AlliancesBroadcastHookAddr	TADR-cpp-var
0x451180	UpdateGameInfo	TADR-delphi-func
0x451220	DPlayAddNewPlayer	TADR-cpp-cast
0x451BC0	HAPI_SendBuf	TADR-cpp-cast
0x451BC0	HAPI_SendMessage	TADR-delphi-func
0x451DF0	HAPI_BroadcastMessage	TADR-cpp-cast
0x451DF0	HAPI_BroadcastMessage	TADR-delphi-func
0x452370	GameplayTasksRefresh	totala-re-docs
0x452BD0	SendMessage_Team24	TADR-cpp-cast
0x453010	Send_PacketPlayerState_1B	TADR-cpp-cast
0x453DB4	NetworkDispatchLogAddr	TADR-cpp-var
0x454927	SavePlayerColorHookAddr	TADR-cpp-var
0x45493C	RestorePlayerColorHookAddr	TADR-cpp-var
0x454CA1	RemoteAllianceRequestHookAddr	TADR-cpp-var
0x454D3A	TeamMessageDispatchHookAddr	TADR-cpp-var
0x4553F2	GhostComFixAddr	TADR-cpp-var
0x456050	ADDR_SendNewUnitsP09	TADR-cpp-var
0x4560C0	Send_UnitBuildFinished	TADR-delphi-func
0x456780	SinglePlayerStartButtonAddr	TADR-cpp-var
0x45698F	InitStartPositionsHookAddr	TADR-cpp-var
0x4569DA	FixedStartPositionsHookAddr	TADR-cpp-var
0x456A45	RandomStartPositionsHookAddr	TADR-cpp-var
0x457540	FunnelEconSampleAddr	TADR-cpp-var
0x457A50	IsLocalPlayerHost	TADR-delphi-func
0x458B87	CompositeAABBClampAddr	TADR-cpp-var
0x458C5A	BadModelHunterAddr	TADR-cpp-var
0x458DF1	kNanoframeStart	TADR-cpp-var
0x458E8E	kNanoframeColors	TADR-cpp-var
0x4596EB	SafeModelAddr	TADR-cpp-var
0x45AAA0	FreeObjectState	TADR-delphi-func
0x45AC20	DrawUnit	TADR-delphi-func
0x45D280	OnCommand_MUSICRT_GUI	TADR-cpp-var
0x45DA90	OnCommand_SOUNDSRT_GUI	TADR-cpp-var
0x45E100	OnCommand_VISUALRT_GUI	TADR-cpp-var
0x45E589	DisplayModeMinHeight768EnumAddr	TADR-cpp-var
0x45EAD0	OnCommand_SPEEDSRT_GUI	TADR-cpp-var
0x45FC60	PressInOption_Address	TADR-cpp-var
0x45FFB0	DrawOptionsTab	TADR-delphi-func
0x460160	EnterOption_Address	TADR-cpp-var
0x4609B0	OnCommand_ARMOPT_GUI	TADR-cpp-var
0x460E0D	CDMusic_TABAddr	TADR-cpp-var
0x463C80	ClearChat	TADR-delphi-func
0x463CA0	NewChatText	TADR-cpp-cast
0x463CA0	NewChatText	TADR-delphi-func
0x463CA0	NewChatTextGuardAddr	TADR-cpp-var
0x463E50	ShowChatMessage	TADR-delphi-func
0x463E50	ShowText	TADR-cpp-cast
0x464060	CHAT_DRAW_ADDR	TADR-cpp-var
0x464060	DrawChatText	TADR-cpp-cast
0x464700	InitPlayerStruct	TADR-cpp-cast
0x464700	InitPlayerStruct	TADR-delphi-func
0x464F80	EnterUnitLoopAddr	TADR-cpp-var
0x465572	LeaveDrawPlayer_MAPPEDMEMAddr	TADR-cpp-var
0x4655F4	LeaveUnitLoop2Addr	TADR-cpp-var
0x46563B	LeaveUnitLoopAddr	TADR-cpp-var
0x4656E5	PutDeadHostInWatchModeAddr	TADR-cpp-var
0x465AC0	CheckUnitInPlayerLOS	TADR-cpp-cast
0x465AC0	UnitInPlayerLOS	TADR-delphi-func
0x4669B0	InitRadar	TADR-delphi-func
0x4669B5	BuiltInMinimapReady_Addr	TADR-cpp-var
0x466DC0	DrawRadarFinal	TADR-cpp-cast
0x467440	EnterDrawPlayer_MAPPEDMEMAddr	TADR-cpp-var
0x467440	RadarScanForViewPlayer	TADR-cpp-cast
0x46754A	PermSonarLosAddr	TADR-cpp-var
0x467608	JammingOwnRadarAddr	TADR-cpp-var
0x467CCF	devDrawKillsAddr	TADR-cpp-var
0x467E50	UnitStateProbe	TADR-delphi-func
0x468310	DrawProgressBar	TADR-delphi-func
0x468380	kDrawBpsAddress	TADR-cpp-var
0x4685A0	UnitBuilderProbe	TADR-delphi-func
0x4689C0	DrawPopupButtomDialog	TADR-cpp-cast
0x468AC0	PopadStateAddr	TADR-cpp-var
0x468CF0	DrawGameScreen	TADR-cpp-cast
0x468CF0	DrawGameScreen	TADR-delphi-func
0x469078	ResourceStripHeightFixAddr	TADR-cpp-var
0x469A7B	DrawPlayer11DTAddr	TADR-cpp-var
0x469F30	kBuildRectHookAddr	TADR-cpp-var
0x46A182	MultiplayerVictorySoundAddr	TADR-cpp-var
0x46A308	ADDR_DrawGameScreen_PostDrawGUI	TADR-cpp-var
0x46A3CC	DrawGameScreenEnd_Addr	TADR-cpp-var
0x46A3CE	DrawTAScreenBlitAddr	TADR-cpp-var
0x46A430	DrawHealthBars	TADR-delphi-func
0x46A530	DrawUnitSelectBoxRect	TADR-delphi-func
0x46B306	drawKillsAddr	TADR-cpp-var
0x46BC70	Msg_Reminder	TADR-delphi-func
0x46BC70	SendText	TADR-cpp-cast
0x46BC70	ShowReminderMsg	TADR-delphi-func
0x471C87	Sfx_mallocBufSizeAddr	TADR-cpp-var
0x471FD0	EmitSfx_Teleport	TADR-delphi-func
0x4720D0	EmitSfx_NanoParticles	TADR-delphi-func
0x4720D0	kEmitterEntry	TADR-cpp-var
0x472200	EmitSfx_NanoParticlesReverse	TADR-delphi-func
0x472200	kReverseEmitterEntry	TADR-cpp-var
0x472530	EmitSfx_Bubbles	TADR-delphi-func
0x472810	EmitSfx_GraySmoke	TADR-delphi-func
0x4728F0	EmitSfx_BlackSmoke	TADR-delphi-func
0x472AB0	EmitSfx_Unk5	TADR-delphi-func
0x472C50	EmitSfx_SmokeInfinite	TADR-delphi-func
0x4739E6	kPaletteAdvance	TADR-cpp-var
0x473F3B	kPalette	TADR-cpp-var
0x47BF70	DDrawInitSecondary	totala-re-docs
0x47C790	ADDR_Unit_UpdateYardmap	TADR-cpp-var
0x47CC30	ADDR_UNITS_RebuildFootPrint	TADR-cpp-var
0x47CC30	UNITS_RebuildFootPrint	TADR-delphi-func
0x47D0E0	ADDR_Unit_ClearMapTileOccupancy	TADR-cpp-var
0x47D2E0	TestGridSpot	TADR-cpp-cast
0x47D2E0	TestGridSpot	TADR-delphi-func
0x47D2E0	TestGridSpot_Start_Addr	TADR-cpp-var
0x47D554	EnableBuildUnderOwnUnitsAddr	TADR-cpp-var
0x47D820	TestGridSpotAI	TADR-delphi-func
0x47D970	ADDR_UNITS_CanCloseOrOpenYard	TADR-cpp-var
0x47D970	CanCloseOrOpenYard	TADR-delphi-func
0x47DAC0	ADDR_YardOpen	TADR-cpp-var
0x47DB70	CanAttachAtGridSpot	TADR-delphi-func
0x47E890	CallbackForUnitsInDistance	TADR-delphi-func
0x47EA40	SearchForReclamateFeatures	TADR-delphi-func
0x47EEE0	PtrArrayRebuild2	totala-re-docs
0x47F060	CDAssetEntryFree	totala-re-docs
0x47F0C0	PlaySound_2D_ID	TADR-delphi-func
0x47F1A0	PlaySound_2D_Name	TADR-delphi-func
0x47F1A0	PlaySound_Effect	TADR-cpp-cast
0x47F300	PlaySound_3D_ID	TADR-delphi-func
0x47F610	PlaySound_3D_Name	TADR-delphi-func
0x47F780	PlaySound_UnitSpeech	TADR-delphi-func
0x480250	UNITS_SetHotKeyGroup	TADR-delphi-func
0x481550	GetGridPosPLOT	TADR-delphi-func
0x4815A0	Position2GridPlot	TADR-delphi-func
0x4815F0	Position2GridPlotWreck	TADR-delphi-func
0x4816A0	Game_SetLOSState	TADR-delphi-func
0x4816A0	TA_UpdateLOS	TADR-delphi-func
0x4816A0	UpdateLOSState	TADR-cpp-cast
0x482AC0	UNITS_RebuildLOS	TADR-delphi-func
0x483370	LoadMap_AverageHeightMap	TADR-delphi-func
0x4833B0	LoadMap_PLOT3	TADR-delphi-func
0x483638	LoadMap_Addr	TADR-cpp-var
0x484B50	GetPosition_Dword	TADR-cpp-cast
0x484B50	GetTPosition	TADR-delphi-func
0x485070	GetPosHeight	TADR-cpp-cast
0x485070	GetPosHeight	TADR-delphi-func
0x485A40	UNITS_AllocateUnit	TADR-delphi-func
0x485D40	UNITS_CreateModelScripts	TADR-delphi-func
0x485E30	FreeUnitScriptData	TADR-delphi-func
0x485E50	UNITS_AllocateMovementClass	TADR-delphi-func
0x485E50	UNITS_CreateMoveClass	TADR-delphi-func
0x485F50	ADDR_UNITS_CreateUnit_Entry	TADR-cpp-var
0x485F50	UNITS_Create	TADR-delphi-func
0x485F50	UNITS_CreateUnit	TADR-cpp-cast
0x486036	FixFactoryExplosionsAssignUnitIdAddr	TADR-cpp-var
0x4861D0	ADDR_UNITS_CreateFromNetwork	TADR-cpp-var
0x4864B0	Send_UnitDeath	TADR-delphi-func
0x4864B0	UNITS_KillUnit	TADR-delphi-func
0x4866E8	NullUnitDeathVictimAddr	TADR-cpp-var
0x486DC1	FixFactoryExplosionsRecycleUnitIdAddr	TADR-cpp-var
0x48718E	ADDR_LoadUnit_PreCreate	TADR-cpp-var
0x487BF0	Campaign_ParseUnitInitialMission	TADR-delphi-func
0x487BF0	Campaign_ParseUnitInitialMissionCommands	TADR-cpp-cast
0x488310	LoadCampaign_UniqueUnits	TADR-cpp-cast
0x488310	LoadCampaign_UniqueUnits	TADR-delphi-func
0x488570	ADDR_UNITS_GiveUnit_Entry	TADR-cpp-var
0x488570	UNITS_GiveUnit	TADR-delphi-func
0x488B10	UNITINFO_Name2ID	TADR-delphi-func
0x488B10	UnitName2ID	TADR-cpp-cast
0x488C50	FindSpot_CategorysAry	TADR-delphi-func
0x489740	FreeUnitOrders	TADR-delphi-func
0x489BB0	UNITS_MakeDamage	TADR-delphi-func
0x489BFA	takeDamageAddr	TADR-cpp-var
0x48A26B	UnitIDOutRangeAddr	TADR-cpp-var
0x48A270	UnitIDOutRangeRtn	TADR-cpp-var
0x48A324	aimBuffAddr	TADR-cpp-var
0x48A490	CalcUnitTurn	TADR-cpp-cast
0x48A490	UNITS_FixYPosOtherType	TADR-delphi-func
0x48A870	UNITS_FixYPos	TADR-delphi-func
0x48A9F0	UNITS_NewUnitPosition	TADR-delphi-func
0x48AAC0	TA_AttachDetachUnit	TADR-delphi-func
0x48B090	UNITS_SetStateMask	TADR-delphi-func
0x48BD00	DeselectAllUnits	TADR-delphi-func
0x48BE00	SelectAllSelectedUnits	TADR-cpp-cast
0x48CD80	FindMouseUnit	TADR-cpp-cast
0x48CD80	GetUnitAtMouse	TADR-delphi-func
0x48CF30	MOUSE_EVENT_2UnitOrder	TADR-delphi-func
0x48CF30	MOUSE_EVENT_2UnitOrder_	TADR-cpp-cast
0x48D220	CorretCursor_InGame	TADR-cpp-cast
0x490B30	CDMusic_Menu_PauseAddr	TADR-cpp-var
0x490C5A	WindSpeedSyncAddr	TADR-cpp-var
0x490DF0	ChangeGameSpeed	TADR-cpp-cast
0x490F80	AudioStatePrepare	totala-re-docs
0x490FE0	AudioPostResumeRebuild	totala-re-docs
0x491200	UIPipelinesInit	totala-re-docs
0x491640	UnitLimit0Addr	TADR-cpp-var
0x491659	UnitLimit1Addr	TADR-cpp-var
0x491666	UnitLimit2Addr	TADR-cpp-var
0x4916A0	CDListsResourceRefresh	totala-re-docs
0x4917D0	LoadGameData_Main	TADR-delphi-func
0x491B60	ADDR_FreeGameData	TADR-cpp-var
0x491D70	IntoCurrentUnitGUI	TADR-cpp-cast
0x491D70	UpdateIngameGUI	TADR-delphi-func
0x4948E0	DrawPopupF4Dialog	TADR-cpp-cast
0x4954B7	ChallengeResponseUpdateAddr	TADR-cpp-var
0x4954ED	GhostComFixAssistAddr	TADR-cpp-var
0x495860	ApplySelectUnitGUI	TADR-cpp-cast
0x495860	ApplySelectUnitMenu	TADR-cpp-cast
0x495860	ApplySelectUnitMenu	TADR-delphi-func
0x4969CB	GameTickHookAddr	TADR-cpp-var
0x496FE1	SkirmishSpawnPlayerCommanderHookAddr	TADR-cpp-var
0x49759F	InitMissionUnitSpawnQueueAddr	TADR-cpp-var
0x497794	MultiplayerSpawnPlayerCommanderHookAddr	TADR-cpp-var
0x498F70	TAMapClick	TADR-cpp-cast
0x4992A2	SuppressShowReclaimCursorAddr	TADR-cpp-var
0x4995EF	UnitDeath_BeforeUpdateUIAddr	TADR-cpp-var
0x4996DF	CDMusic_Victory_PauseAddr	TADR-cpp-var
0x499890	IdleTick	totala-re-docs
0x499DB5	dealDamageAddr	TADR-cpp-var
0x499EB0	WEAPONS_ProjectileDamage	TADR-delphi-func
0x49AA80	Trajectory3	TADR-delphi-func
0x49ABB0	UnitAutoAim_CheckUnitWeapon	TADR-delphi-func
0x49AE26	s_projectileCleanupContinue	TADR-cpp-var
0x49B000	UnitExplosion	TADR-delphi-func
0x49C740	InitProjectile	TADR-delphi-func
0x49C9C0	UNITS_FireProjectile_0_3	TADR-delphi-func
0x49CC20	UNITS_FireProjectile_1	TADR-delphi-func
0x49CDE0	UNITS_FireProjectile_0	TADR-delphi-func
0x49CE65	UnitVolumeYequZero_Addr	TADR-cpp-var
0x49D28B	WeaponPtr2Addr	TADR-cpp-var
0x49D580	fire_callback0	TADR-delphi-func
0x49D6EA	accuracyBuffAddr	TADR-cpp-var
0x49D9C0	fire_callback3	TADR-delphi-func
0x49DB70	fire_callback1	TADR-delphi-func
0x49DD60	fire_callback2	TADR-delphi-func
0x49DF10	PROJECTILES_FireMapWeap	TADR-delphi-func
0x49E070	UNITS_StartWeaponsScripts	TADR-delphi-func
0x49E1A0	AutoAim	TADR-delphi-func
0x49E468	reloadTimeBuffAddr	TADR-cpp-var
0x49E5B0	WEAPONS_Name2Ptr	TADR-delphi-func
0x49E830	CoreStartupAndMainLoop	totala-re-docs
0x49E909	AddtionInitAddr	TADR-cpp-var
0x49E9A0	AddtionInitAfterDDrawAddr	TADR-cpp-var
0x49EDA0	main	totala-re-csv
0x49EE30	CmdlineArgsNormalize	totala-re-docs
0x49F540	SetCurrentDirectoryToTAPath	TADR-delphi-func
0x49F5A0	GetIniFileInt	TADR-cpp-cast
0x49F710	thunk_TDRAW.dll_DirectDrawCreate	totala-re-csv
0x49FA50	GUI_ShellEntry	totala-re-docs
0x49FA90	SetUIUpdateFlag	TADR-cpp-cast
0x49FB10	GUI_MouseFocusReset	totala-re-docs
0x49FD60	GUIGADGET_WasPressed	TADR-delphi-func
0x49FD60	IsPressCommand	TADR-cpp-cast
0x49FDF0	SubGUIIndex	TADR-cpp-cast
0x49FED0	GetPrepareOrderName	TADR-delphi-func
0x4A0200	SubControl_str2ptr	TADR-cpp-cast
0x4A04F0	GUIGADGET_GetActive	TADR-delphi-func
0x4A0570	GUIGADGET_SetActive	TADR-delphi-func
0x4A05E0	GUI_GafFrameBlit	totala-re-docs
0x4A0BF0	GUIGADGET_SetText	TADR-delphi-func
0x4A0BF0	SetValue_GUI5ID	TADR-cpp-cast
0x4A0F60	GUIGADGET_GetStatus	TADR-delphi-func
0x4A1080	GUIGADGET_SetStatus	TADR-delphi-func
0x4A1450	GUIGADGET_SetGrayedOut	TADR-delphi-func
0x4A1B40	GUI_ListboxBuild	totala-re-docs
0x4A3EF0	GUI_SliderUpdate	totala-re-docs
0x4A4660	GUI_TimerState	totala-re-docs
0x4A4980	GUI_HotspotDraw	totala-re-docs
0x4A4D70	GUI_TextInputRender	totala-re-docs
0x4A5030	GetStrExtent	TADR-delphi-func
0x4A5030	GetStrExtentAddr	TADR-cpp-var
0x4A50E0	DRAWTEXT_ADDR	TADR-cpp-var
0x4A50E0	DrawColorTextInScreen	TADR-cpp-cast
0x4A50E0	DrawText	TADR-delphi-func
0x4A51D0	DrawText_Thin	TADR-delphi-func
0x4A56B0	GUI_LabelDraw	totala-re-docs
0x4A5F40	GUI_ButtonDraw	totala-re-docs
0x4A7132	KeepOnReclaimPreparedOrderAddr	TADR-cpp-var
0x4A7960	GUI_MsgBoxPopup	totala-re-docs
0x4A81E0	GUI_StageUpdateDraw	totala-re-docs
0x4AA8F0	GUI_LoadAndParse	totala-re-docs
0x4AB060	GUICONTROL_IsOnTop	TADR-delphi-func
0x4AB060	IsGUIMem	TADR-cpp-cast
0x4AB111	KeepActiveAddr	TADR-cpp-var
0x4AB13F	KeepActiveAddr1	TADR-cpp-var
0x4AB170	DrawUnitUI	TADR-cpp-cast
0x4AB400	SetUICursor	TADR-cpp-cast
0x4ABD90	TA_DialogBox_fn	ours
0x4AD350	GUI_ParseCommonFields	totala-re-docs
0x4AD890	GUI_ParseButton	totala-re-docs
0x4ADC70	GUI_ParseImagePanel	totala-re-docs
0x4AEAC0	GUI_TDFParser	totala-re-docs
0x4AEDA0	AssetCacheReload1	totala-re-docs
0x4AEF80	AssetCacheReload2	totala-re-docs
0x4B0230	GUI_BlitToFramebuffer	totala-re-docs
0x4B0A70	COBEngine_StartScript	TADR-delphi-func
0x4B0BC0	COBEngine_QueryScript	TADR-delphi-func
0x4B0D60	COBEngine_DoScriptsNow	TADR-delphi-func
0x4B2450	COBEngine_LoadScriptFromFile	TADR-delphi-func
0x4B4560	HAPIBANK_OpenAccount	TADR-delphi-func
0x4B4630	HAPIBANK_WriteInteger	TADR-delphi-func
0x4B4750	HAPIBANK_WriteString	TADR-delphi-func
0x4B4800	HAPIBANK_ReadInteger	TADR-delphi-func
0x4B4BA0	HAPIBANK_AccessSafeDeposit	TADR-delphi-func
0x4B4BF0	HAPIBANK_GetItemSize	TADR-delphi-func
0x4B4C10	HAPIBANK_SeekInHex	TADR-delphi-func
0x4B4C80	HAPIBANK_ReadBinData	TADR-delphi-func
0x4B4CF0	HAPIBANK_WriteBinData	TADR-delphi-func
0x4B4F10	MEM_Alloc	TADR-delphi-func
0x4B4F10	WindowServicesRegister	totala-re-docs
0x4B4F10	cmalloc_MM__	TADR-cpp-cast
0x4B4F10	malloc_SafeWay	TADR-cpp-cast
0x4B4F20	MEM_Free_PPointer	TADR-delphi-func
0x4B4F20	free_SafeWay	TADR-cpp-cast
0x4B4FF0	UIDDrawResourcesCleanup	totala-re-docs
0x4B5070	CheckDirectXVersion	ours
0x4B52E0	DisplayGlobalsInitDefaults	totala-re-docs
0x4B5510	DDrawDeviceCreateAndCaps	totala-re-docs
0x4B563C	SetDisplayMode_callsite	ours
0x4B5940	NewTAScreen	TADR-cpp-var
0x4B5980	CreateMainWindowAndDXInit	totala-re-docs
0x4B5AB6	TADontInit_Addr	TADR-cpp-var
0x4B5B82	TAWndProcSH_Addr	TADR-cpp-var
0x4B6110	WindowTeardown	totala-re-docs
0x4B6220	GetTAProgramStruct	TADR-delphi-func
0x4B6290	TerminateProcess_WithWarning	TADR-delphi-func
0x4B62C0	DXCapsCheck3	totala-re-docs
0x4B62D0	DXCapsCheck1	totala-re-docs
0x4B62D0	Init_srand	TADR-cpp-cast
0x4B6340	ClockTicksGet	totala-re-docs
0x4B6340	GameRunSec	TADR-cpp-cast
0x4B6370	UIDeferredWorkFlush	totala-re-docs
0x4B6560	thunk_KERNEL32.dll_GetTickCount	totala-re-csv
0x4B66A0	getFrate	TADR-cpp-cast
0x4B6700	GetTA_ScreenWidth	TADR-delphi-func
0x4B6700	ViewportWidthGet	totala-re-docs
0x4B6710	ViewportHeightGet	totala-re-docs
0x4B6720	IsPositionInRect	TADR-delphi-func
0x4B69D0	REGISTRY_ReadInteger	TADR-delphi-func
0x4B6A50	REGISTRY_WriteInteger	TADR-delphi-func
0x4B6B50	SleepBatch100ms	totala-re-docs
0x4B6BA0	TaCalcCRC	TADR-cpp-cast
0x4B70EF	TurnXLookup	TADR-delphi-func
0x4B7123	TurnZLookup	TADR-delphi-func
0x4B715A	TA_Atan2	TADR-delphi-func
0x4B7760	InitInternalCommand	TADR-cpp-cast
0x4B7900	DoInterpretCommand	TADR-delphi-func
0x4B7EE0	GAFGetCurrentFramePtrAddr	TADR-cpp-var
0x4B7F30	GAF_SequenceIndex2Frame	TADR-delphi-func
0x4B7F30	Index2Frame_InSequence	TADR-cpp-cast
0x4B7F90	CopyGafToContext	TADR-cpp-cast
0x4B7F90	CopyGafToContext	TADR-delphi-func
0x4B8500	AlphaCompsteBuf2OFFScreen	TADR-delphi-func
0x4B8500	GafFrame2OFFScreen	TADR-cpp-cast
0x4B8A80	CompositeBuf2_OFFSCREEN	TADR-delphi-func
0x4B8C60	GAF_BankLoad	totala-re-docs
0x4B8D40	GAF_EntryLookup	totala-re-docs
0x4B8D40	GAF_Name2Sequence	TADR-delphi-func
0x4B8DA0	CompositeBuffer	TADR-delphi-func
0x4BA590	SetGamma	TADR-delphi-func
0x4BAFF0	PathNormalizeSlashes	totala-re-docs
0x4BB2E0	fopen_HPI	TADR-cpp-cast
0x4BB332	LogGamePathAddr1	TADR-cpp-var
0x4BB3A7	LogGamePathAddr2	TADR-cpp-var
0x4BB5D0	fclose_HPI	TADR-cpp-cast
0x4BB7C0	read_HPI	TADR-cpp-cast
0x4BBC40	HAPIFILE_GetFileLength	TADR-delphi-func
0x4BBC40	ResourceHandleOpen	totala-re-docs
0x4BBC40	filelength_HPI	TADR-cpp-cast
0x4BBD00	filelen_HPI	TADR-cpp-cast
0x4BBE50	HAPIFILE_ReadFile	TADR-delphi-func
0x4BBE50	PaletteLoad	totala-re-docs
0x4BBE50	readfile_HPI	TADR-cpp-cast
0x4BC4B0	HAPIFILE_FindFirst	TADR-delphi-func
0x4BC640	HAPIFILE_FindNext	TADR-delphi-func
0x4BC8D0	HAPIFILE_FindClose	TADR-delphi-func
0x4BCE10	InitTAPath	TADR-cpp-cast
0x4BE0B0	HAPIFILE_InsertToArray	TADR-delphi-func
0x4BE950	DrawLine	TADR-delphi-func
0x4BEA20	CorrecLinetPosition	TADR-delphi-func
0x4BEC70	DrawLight	TADR-delphi-func
0x4BED70	DrawAlpha	TADR-delphi-func
0x4BEE60	DrawPoint	TADR-delphi-func
0x4BF4D0	DrawTransparentBox	TADR-delphi-func
0x4BF4D0	TADrawTransparentBox	TADR-cpp-cast
0x4BF6F0	DrawBar	TADR-delphi-func
0x4BF8C0	DrawTranspRectangle	TADR-delphi-func
0x4BF8C0	TADrawRect	TADR-cpp-cast
0x4BFD60	DrawUnk1	TADR-delphi-func
0x4C0070	DrawCircle	TADR-delphi-func
0x4C0070	TARadarDrawCircle	TADR-cpp-cast
0x4C01A0	DrawDotteCircle	TADR-delphi-func
0x4C01A0	TADrawDotteCircle	TADR-cpp-cast
0x4C13A0	SetFontColor	TADR-delphi-func
0x4C13F0	GetFontBackgroundColor	TADR-delphi-func
0x4C1420	SetFONTLENGTH_ptr	TADR-delphi-func
0x4C1420	SetFontType	TADR-delphi-func
0x4C1440	GetFontType	TADR-delphi-func
0x4C1450	GetCustomFontCharWidth	TADR-delphi-func
0x4C1450	GetFontCharWidth	TADR-delphi-func
0x4C1480	GetCustomFontStrExtent	TADR-delphi-func
0x4C1480	GetTextExtent	TADR-cpp-cast
0x4C1480	GetTextExtent_AssignCharLenAddr	TADR-cpp-var
0x4C14F0	DrawTextCustomFont	TADR-delphi-func
0x4C16D4	Blt_BottomState0_TextAddr	TADR-cpp-var
0x4C16D9	Blt_BottomState0_TextRtn	TADR-cpp-var
0x4C1744	Blt_BottomState1_TextAddr	TADR-cpp-var
0x4C1749	Blt_BottomState1_TextRtn	TADR-cpp-var
0x4C1A60	FrameIntervalClamp	totala-re-docs
0x4C1AB0	InputStateQuery	totala-re-docs
0x4C1B00	KeyboardRawFetch	totala-re-docs
0x4C1B20	KeyPressedEvent	TADR-cpp-cast
0x4C1B80	KeyboardHotkeySampler	totala-re-docs
0x4C1D50	KeyChordProcessor	totala-re-docs
0x4C1D50	KeyDownEvent	TADR-cpp-cast
0x4C22D0	Mouse_SetDrawMouse	TADR-delphi-func
0x4C2BD0	GameplayTimingSeed	totala-re-docs
0x4C2CC0	FrameSchedulerDrain	totala-re-docs
0x4C2D60	MouseStateReset	totala-re-docs
0x4C2DE0	MouseStateCapture	totala-re-docs
0x4C2EA0	TDF_CtxInit	totala-re-docs
0x4C2F60	TDF_ScriptLoad	totala-re-docs
0x4C3410	TdfFile_SectionExists	TADR-delphi-func
0x4C3730	vmethod_std__length_error.virtual_4	totala-re-csv
0x4C3740	vmethod_std__logic_error.virtual_8	totala-re-csv
0x4C38F0	vmethod_std__logic_error.virtual_0	totala-re-csv
0x4C3AF0	vmethod_std__out_of_range.virtual_8	totala-re-csv
0x4C3C60	vmethod_std__out_of_range.virtual_0	totala-re-csv
0x4C3E10	TDF_SectionIterA	totala-re-docs
0x4C3E20	TDF_SectionIterB	totala-re-docs
0x4C3E20	TdfFile_GetRoot	TADR-delphi-func
0x4C3E30	TdfFile_SetRoot	TADR-delphi-func
0x4C46C0	TdfFile_GetInt	TADR-cpp-cast
0x4C46C0	TdfFile_GetInt	TADR-delphi-func
0x4C4760	TdfFile_GetFloat	TADR-cpp-cast
0x4C4760	TdfFile_GetFloat	TADR-delphi-func
0x4C48C0	TdfFile_GetStr	TADR-delphi-func
0x4C48C0	TdfFile_GetString	TADR-cpp-cast
0x4C54F0	RendererBootstrap	totala-re-docs
0x4C5740	GUI_SymbolLookup	totala-re-docs
0x4C5740	TranslateString	TADR-delphi-func
0x4C5E70	GetContext	TADR-cpp-cast
0x4C5E70	GetContext	TADR-delphi-func
0x4C5E70	LockAttackSurface	TADR-cpp-cast
0x4C5FA0	UnlockAttackedSurface	TADR-cpp-cast
0x4C61F0	GameStateAllocator	totala-re-docs
0x4C62C0	SchedulerQueuesRepopulate	totala-re-docs
0x4C650C	TAFrame_Lock_callsite	ours
0x4C659B	TAFrame_Unlock_callsite	ours
0x4C69F0	SurfaceCreateNamed	totala-re-docs
0x4C6B70	SurfaceCopyBackground	totala-re-docs
0x4C7580	GAF_DrawTransformed	TADR-cpp-cast
0x4C7580	GAF_DrawTransformed	TADR-delphi-func
0x4C9790	HAPINET_guaranteepackets	TADR-delphi-func
0x4C9840	HapiReceiveDetourAddr	TADR-cpp-var
0x4C98FD	NullLpszPasswordInUpdateGameInfoAddr	TADR-cpp-var
0x4CB170	ScreenshotSave	totala-re-docs
0x4CB560	Open3DOFile	TADR-delphi-func
0x4CB560	Open3do	TADR-cpp-cast
0x4CB590	Parse3DOFile	TADR-delphi-func
0x4CB590	Parse3dO	TADR-cpp-cast
0x4CBE81	CrashFix004cbed5Addr	TADR-cpp-var
0x4CC7AB	DrawLine2	TADR-delphi-func
0x4CC7AB	TADrawLine	TADR-cpp-cast
0x4CD9D0	AudioResumeCallbackBind	totala-re-docs
0x4CE260	AudioDevicePause	totala-re-docs
0x4CE410	AudioStreamBuffersPrime	totala-re-docs
0x4CE680	AudioTimestampCapture	totala-re-docs
0x4CE690	AudioTimestampRestore	totala-re-docs
0x4CE7A0	AudioMixerFlagsCopyB	totala-re-docs
0x4CE910	TAPauseMusic	TADR-cpp-cast
0x4CED4B	CDMusic_StopAddr	TADR-cpp-var
0x4CEDC0	AudioMixerFlagsCopyA	totala-re-docs
0x4CEE50	AudioMixerInit	totala-re-docs
0x4CEF90	DSoundCreateWrapper	totala-re-docs
0x4CF0B0	SchedulerMaintenance10Hz	totala-re-docs
0x4CFBC0	DeferredReleaseProcess	totala-re-docs
0x4D35F0	HPI_SQSH_LZ77Decompress	totala-re-docs
0x4D83B0	GUI_ResourceAlloc	totala-re-docs
0x4D8580	MEM_ReAlloc	TADR-delphi-func
0x4D85A0	MEM_Free	TADR-delphi-func
0x4D85A0	ResourceListDisposer	totala-re-docs
0x4D8670	MEM_Free_Pointer	TADR-delphi-func
0x4D8710	MEM_SetReadOnly	TADR-delphi-func
0x4D8780	MEM_AllowReadWrite	TADR-delphi-func
0x4D8E50	RuntimeStatePrime	totala-re-docs
0x4D94E0	CrashReport_Writer	ours
0x4DA1D0	SEHCrashHandlerInstall	totala-re-docs
0x4E3E70	vmethod_std__length_error.virtual_8	totala-re-csv
0x4E3E90	vmethod_std__length_error.virtual_0	totala-re-csv
0x4E42B0	ScreenshotPathBuild	totala-re-docs
0x4E4600	crt_exit	totala-re-docs
0x4E4860	WindowClassRegistration	totala-re-docs
0x4E4870	rand2	TADR-delphi-func
0x4E4AC0	GlobalConfigLoadOnce	totala-re-docs
0x4E6480	ModulePathDiscovery	totala-re-docs
0x4E6718	MainSEHRegistration	totala-re-docs
0x4E6FA0	entry0	totala-re-csv
0x4E81B0	vmethod_exception.virtual_0	totala-re-csv
0x4E82E0	vmethod_exception.virtual_4	totala-re-csv
0x4E8320	vmethod_type_info.virtual_0	totala-re-csv
0x4E8890	crt_alloc	totala-re-docs
0x4EB040	crt_tls_init	totala-re-docs
0x4F0C50	crt_init_2	totala-re-docs
0x4F0E10	crt_isleadbyte	totala-re-docs
0x4F1460	crt_env_cmdline_init	totala-re-docs
0x4F15C0	crt_init_1	totala-re-docs
0x4F1830	crt_heap_init	totala-re-docs
0x4F22A0	crt_heap_init_helper	totala-re-docs
0x4F8A70	_strcmpi	TADR-delphi-func
0x4FAFF0	thunk_TPLAYX.dll_Ordinal_2_1	totala-re-csv
0x4FAFF6	thunk_TPLAYX.dll_Ordinal_4	totala-re-csv
0x4FAFFC	thunk_TPLAYX.dll_Ordinal_1	totala-re-csv
0x4FB002	thunk_DSOUND.dll_DirectSoundCreate	totala-re-csv
0x4FB13A	thunk_KERNEL32.dll_RtlUnwind	totala-re-csv
0x4FD050	sDirectXWarningFmt	totala-re-docs
0x4FDAE0	MainSEHHandler	totala-re-docs
0x501DF4	LosTypeShouldBeACheatCodeAddr	TADR-cpp-var
0x5026E4	SpecialOrders	TADR-delphi-const
0x50271C	ImmediateOrders	TADR-delphi-const
0x50289C	CrackCd2Addr	TADR-cpp-var
0x5028CC	Rev31GP3_Name	TADR-delphi-const
0x5028D8	Rev31GP3_31	TADR-delphi-const
0x505264	QueryTertiary	TADR-delphi-const
0x505274	QuerySecondary	TADR-delphi-const
0x505284	QueryPrimary	TADR-delphi-const
0x505598	FIXEDLOC	TADR-delphi-const
0x50971C	gTitleStringPtr	totala-re-docs
0x509720	gAudioStagedFlag	totala-re-docs
0x5098A3	Totala_ini	TADR-delphi-const
0x5119B8	Null_str	TADR-delphi-const
0x511DE8	TA_MAIN_PTR_ADDR	TADR-cpp-var
0x511DE8	TAdynmemStructPtr	TADR-delphi-const
0x511DE8	g_mainstruct_ptr	ours
0x5122D4	MultiplayerMapsList	TADR-delphi-const
0x512344	COBScriptHandler_Begin	TADR-delphi-const
0x512348	COBScriptHandler_End	TADR-delphi-const
0x512358	TAMovementClassArray	TADR-delphi-const
0x512990	OldMapName	TADR-delphi-const
0x51E6B0	TAunitsCategory	TADR-delphi-const
0x51E828	gCDListsBuffer	totala-re-docs
0x51E84C	gChannelEnableFlags	totala-re-docs
0x51F2D8	ScoreBoardRoll	TADR-delphi-const
0x51F31C	gStartupFlags	totala-re-docs
0x51F320	gAppCtx_WindowContext	totala-re-docs
0x51F400	gFocusLostFlag	totala-re-docs
0x51F410	gRuntimeFlags	totala-re-docs
0x51FB48	gLanguageScratch	totala-re-docs
0x51FB50	gLanguageString	totala-re-docs
0x51FB90	gMainStateCachePtr	totala-re-docs
0x51FB94	gSchedulerLastTick	totala-re-docs
0x51FBA4	G_DESKTOP_GUI	TADR-cpp-var
0x51FBD0	gSchedulerBlock	totala-re-docs
0x529ED0	gOSBuildNumber	totala-re-docs
0x529ED4	gOSVersionPacked	totala-re-docs
0x529ED8	gWinMajorVer	totala-re-docs
0x529EDC	gWinMinorVer	totala-re-docs
0x529F3C	gEnvNormalizedPtr	totala-re-docs
0x52B524	gGameHeapHandle	totala-re-docs
0x52B650	gCmdLinePtr	totala-re-docs
